[
  {
    "ButtonName": "victoria_2",
    "RespawnTime": "2025-04-05T07:08:39.4034376+07:00"
  },
  {
    "ButtonName": "victoria_1",
    "RespawnTime": "2025-04-05T00:08:43.4351134+07:00"
  },
  {
    "ButtonName": "victoria_5",
    "RespawnTime": "2025-04-05T07:08:46.9554136+07:00"
  },
  {
    "ButtonName": "sabacs_6",
    "RespawnTime": "2025-04-05T07:09:52.3730619+07:00"
  },
  {
    "ButtonName": "sabacs_4",
    "RespawnTime": "2025-04-05T07:09:55.4588771+07:00"
  },
  {
    "ButtonName": "hylahr_1",
    "RespawnTime": "2025-04-05T07:09:58.5530858+07:00"
  },
  {
    "ButtonName": "hylahr_3",
    "RespawnTime": "2025-04-05T07:13:14.1078611+07:00"
  }
]